timestamp,rater,session_id,pair_index,pair_type,arc_a,arc_b,choice,swap_of,context_v,context_a,params_a,params_b,loudness_gain_a,loudness_gain_b,pool_version,arranger_sha256
2026-07-05T19:25:29,R03,aefe4a4e,0,seed_ramp_s,arc_158,arc_154,A,,-0.9009,0.1011,"{""context_id"": 3, ""dist_bin"": ""large"", ""ramp_s"": 12.0, ""chord"": ""min->maj""}","{""context_id"": 3, ""dist_bin"": ""large"", ""ramp_s"": 6.0, ""chord"": ""min->maj""}",0.23032508935623744,0.2265195760529884,1,0f82853dee79764c
2026-07-05T19:27:14,R03,aefe4a4e,1,seed_chord,arc_034,arc_035,B,,-0.6094,0.4325,"{""context_id"": 0, ""dist_bin"": ""large"", ""ramp_s"": 6.0, ""chord"": ""min->maj""}","{""context_id"": 0, ""dist_bin"": ""large"", ""ramp_s"": 6.0, ""chord"": ""maj->maj""}",0.13704883158910958,0.14627916516319167,1,0f82853dee79764c
2026-07-05T19:27:40,R03,aefe4a4e,2,seed_dist_bin,arc_169,arc_171,B,,-0.9009,0.1011,"{""context_id"": 3, ""dist_bin"": ""small"", ""ramp_s"": 3.0, ""chord"": ""min->maj""}","{""context_id"": 3, ""dist_bin"": ""medium"", ""ramp_s"": 3.0, ""chord"": ""min->maj""}",0.1021539567429659,0.13796527109839266,1,0f82853dee79764c
2026-07-05T19:29:28,R03,aefe4a4e,3,seed_chord,arc_063,arc_062,B,,-0.6371,-0.3126,"{""context_id"": 1, ""dist_bin"": ""medium"", ""ramp_s"": 16.0, ""chord"": ""maj->maj""}","{""context_id"": 1, ""dist_bin"": ""medium"", ""ramp_s"": 16.0, ""chord"": ""min->min""}",0.9538342327813037,1.0590248887424523,1,0f82853dee79764c
2026-07-05T19:30:32,R03,aefe4a4e,4,seed_ramp_s,arc_181,arc_177,A,,-0.9009,0.1011,"{""context_id"": 3, ""dist_bin"": ""medium"", ""ramp_s"": 12.0, ""chord"": ""maj->min""}","{""context_id"": 3, ""dist_bin"": ""medium"", ""ramp_s"": 6.0, ""chord"": ""maj->min""}",0.5172021537064265,0.4984841409166123,1,0f82853dee79764c
2026-07-05T19:31:33,R03,aefe4a4e,5,seed_ramp_s,arc_136,arc_140,A,,-0.8882,1.0,"{""context_id"": 2, ""dist_bin"": ""small"", ""ramp_s"": 6.0, ""chord"": ""min->min""}","{""context_id"": 2, ""dist_bin"": ""small"", ""ramp_s"": 12.0, ""chord"": ""min->min""}",0.22922797040789009,0.25754926634592207,1,0f82853dee79764c
2026-07-05T19:32:21,R03,aefe4a4e,6,seed_chord,arc_077,arc_076,same,,-0.6371,-0.3126,"{""context_id"": 1, ""dist_bin"": ""small"", ""ramp_s"": 12.0, ""chord"": ""maj->maj""}","{""context_id"": 1, ""dist_bin"": ""small"", ""ramp_s"": 12.0, ""chord"": ""min->maj""}",1.0227272834928232,1.022727283492823,1,0f82853dee79764c
2026-07-05T19:34:15,R03,aefe4a4e,7,seed_dist_bin,arc_158,arc_156,B,,-0.9009,0.1011,"{""context_id"": 3, ""dist_bin"": ""large"", ""ramp_s"": 12.0, ""chord"": ""min->maj""}","{""context_id"": 3, ""dist_bin"": ""medium"", ""ramp_s"": 12.0, ""chord"": ""min->maj""}",0.23032508935623744,0.21910887634320753,1,0f82853dee79764c
2026-07-05T19:35:32,R03,aefe4a4e,8,seed_ramp_s,arc_040,arc_044,A,,-0.6094,0.4325,"{""context_id"": 0, ""dist_bin"": ""small"", ""ramp_s"": 12.0, ""chord"": ""maj->min""}","{""context_id"": 0, ""dist_bin"": ""small"", ""ramp_s"": 16.0, ""chord"": ""maj->min""}",0.49316039335485923,0.6123198745544425,1,0f82853dee79764c
2026-07-05T19:37:35,R03,aefe4a4e,9,seed_chord,arc_016,arc_017,A,,-0.6094,0.4325,"{""context_id"": 0, ""dist_bin"": ""small"", ""ramp_s"": 12.0, ""chord"": ""min->min""}","{""context_id"": 0, ""dist_bin"": ""small"", ""ramp_s"": 12.0, ""chord"": ""maj->maj""}",0.16697229388163812,0.1692286792023325,1,0f82853dee79764c
2026-07-05T19:38:42,R03,aefe4a4e,10,catch_swap,arc_140,arc_136,A,pair_5,-0.8882,1.0,"{""context_id"": 2, ""dist_bin"": ""small"", ""ramp_s"": 12.0, ""chord"": ""min->min""}","{""context_id"": 2, ""dist_bin"": ""small"", ""ramp_s"": 6.0, ""chord"": ""min->min""}",0.25754926634592207,0.22922797040789009,1,0f82853dee79764c
2026-07-05T19:59:27,R03,aefe4a4e,11,seed_dist_bin,arc_076,arc_078,A,,-0.6371,-0.3126,"{""context_id"": 1, ""dist_bin"": ""small"", ""ramp_s"": 12.0, ""chord"": ""min->maj""}","{""context_id"": 1, ""dist_bin"": ""large"", ""ramp_s"": 12.0, ""chord"": ""min->maj""}",1.022727283492823,0.44950979031264837,1,0f82853dee79764c
2026-07-05T20:04:34,R03,f92856a5,0,seed_chord,arc_070,arc_071,same,,-0.6371,-0.3126,"{""context_id"": 1, ""dist_bin"": ""large"", ""ramp_s"": 6.0, ""chord"": ""min->maj""}","{""context_id"": 1, ""dist_bin"": ""large"", ""ramp_s"": 6.0, ""chord"": ""maj->min""}",0.29660782002326147,0.31906040698688054,1,0f82853dee79764c
2026-07-05T20:18:19,R03,f92856a5,1,seed_dist_bin,arc_044,arc_046,B,,-0.6094,0.4325,"{""context_id"": 0, ""dist_bin"": ""small"", ""ramp_s"": 16.0, ""chord"": ""maj->min""}","{""context_id"": 0, ""dist_bin"": ""large"", ""ramp_s"": 16.0, ""chord"": ""maj->min""}",0.6123198745544425,0.26573550181644134,1,0f82853dee79764c
2026-07-05T20:21:01,R03,f92856a5,2,seed_chord,arc_098,arc_099,B,,-0.8882,1.0,"{""context_id"": 2, ""dist_bin"": ""large"", ""ramp_s"": 12.0, ""chord"": ""min->min""}","{""context_id"": 2, ""dist_bin"": ""large"", ""ramp_s"": 12.0, ""chord"": ""maj->maj""}",0.2113052032934037,0.2083474837632168,1,0f82853dee79764c
2026-07-05T20:23:48,R03,a69a3c76,0,seed_chord,arc_182,arc_183,A,,-0.9009,0.1011,"{""context_id"": 3, ""dist_bin"": ""large"", ""ramp_s"": 12.0, ""chord"": ""min->min""}","{""context_id"": 3, ""dist_bin"": ""large"", ""ramp_s"": 12.0, ""chord"": ""maj->min""}",0.40466808062992865,0.38772559201094275,1,0f82853dee79764c
2026-07-05T20:24:51,R03,a69a3c76,1,seed_chord,arc_024,arc_025,same,,-0.6094,0.4325,"{""context_id"": 0, ""dist_bin"": ""small"", ""ramp_s"": 3.0, ""chord"": ""min->maj""}","{""context_id"": 0, ""dist_bin"": ""small"", ""ramp_s"": 3.0, ""chord"": ""maj->min""}",0.3083373841773683,0.2878288803175312,1,0f82853dee79764c
2026-07-05T20:25:45,R03,a69a3c76,2,seed_dist_bin,arc_021,arc_023,B,,-0.6094,0.4325,"{""context_id"": 0, ""dist_bin"": ""small"", ""ramp_s"": 16.0, ""chord"": ""maj->maj""}","{""context_id"": 0, ""dist_bin"": ""large"", ""ramp_s"": 16.0, ""chord"": ""maj->maj""}",0.200685574184697,0.17027834530298222,1,0f82853dee79764c
2026-07-05T20:26:24,R03,a69a3c76,3,seed_dist_bin,arc_177,arc_179,B,,-0.9009,0.1011,"{""context_id"": 3, ""dist_bin"": ""medium"", ""ramp_s"": 6.0, ""chord"": ""maj->min""}","{""context_id"": 3, ""dist_bin"": ""large"", ""ramp_s"": 6.0, ""chord"": ""maj->min""}",0.4984841409166123,0.4275554044013987,1,0f82853dee79764c
2026-07-05T20:27:39,R03,a69a3c76,4,seed_dist_bin,arc_011,arc_009,B,,-0.6094,0.4325,"{""context_id"": 0, ""dist_bin"": ""large"", ""ramp_s"": 6.0, ""chord"": ""maj->min""}","{""context_id"": 0, ""dist_bin"": ""medium"", ""ramp_s"": 6.0, ""chord"": ""maj->min""}",0.16434343454202707,0.21870950020591476,1,0f82853dee79764c
2026-07-05T20:28:55,R03,a69a3c76,5,seed_ramp_s,arc_098,arc_102,A,,-0.8882,1.0,"{""context_id"": 2, ""dist_bin"": ""large"", ""ramp_s"": 12.0, ""chord"": ""min->min""}","{""context_id"": 2, ""dist_bin"": ""large"", ""ramp_s"": 16.0, ""chord"": ""min->min""}",0.2113052032934037,0.22344040791362435,1,0f82853dee79764c
2026-07-05T20:30:41,R03,a69a3c76,6,seed_dist_bin,arc_176,arc_178,B,,-0.9009,0.1011,"{""context_id"": 3, ""dist_bin"": ""medium"", ""ramp_s"": 6.0, ""chord"": ""min->min""}","{""context_id"": 3, ""dist_bin"": ""large"", ""ramp_s"": 6.0, ""chord"": ""min->min""}",0.4873511905275065,0.42447752199680594,1,0f82853dee79764c
2026-07-05T20:32:21,R03,a69a3c76,7,seed_chord,arc_162,arc_163,A,,-0.9009,0.1011,"{""context_id"": 3, ""dist_bin"": ""large"", ""ramp_s"": 12.0, ""chord"": ""maj->min""}","{""context_id"": 3, ""dist_bin"": ""large"", ""ramp_s"": 12.0, ""chord"": ""maj->maj""}",0.17809568368419065,0.17510816305753557,1,0f82853dee79764c
2026-07-05T20:33:07,R03,a69a3c76,8,seed_ramp_s,arc_115,arc_119,same,,-0.8882,1.0,"{""context_id"": 2, ""dist_bin"": ""medium"", ""ramp_s"": 6.0, ""chord"": ""maj->maj""}","{""context_id"": 2, ""dist_bin"": ""medium"", ""ramp_s"": 12.0, ""chord"": ""maj->maj""}",0.19671375223082183,0.2363788178631609,1,0f82853dee79764c
2026-07-05T22:08:24,R22,9dfd2c5e,0,seed_dist_bin,arc_061,arc_063,B,,-0.6371,-0.3126,"{""context_id"": 1, ""dist_bin"": ""small"", ""ramp_s"": 16.0, ""chord"": ""maj->maj""}","{""context_id"": 1, ""dist_bin"": ""medium"", ""ramp_s"": 16.0, ""chord"": ""maj->maj""}",0.22417768161482718,0.9538342327813037,1,0f82853dee79764c
2026-07-05T22:09:04,R22,9dfd2c5e,1,seed_dist_bin,arc_113,arc_115,B,,-0.8882,1.0,"{""context_id"": 2, ""dist_bin"": ""small"", ""ramp_s"": 6.0, ""chord"": ""maj->maj""}","{""context_id"": 2, ""dist_bin"": ""medium"", ""ramp_s"": 6.0, ""chord"": ""maj->maj""}",0.235728449900564,0.19671375223082183,1,0f82853dee79764c
2026-07-05T22:10:05,R22,9dfd2c5e,2,seed_ramp_s,arc_040,arc_044,same,,-0.6094,0.4325,"{""context_id"": 0, ""dist_bin"": ""small"", ""ramp_s"": 12.0, ""chord"": ""maj->min""}","{""context_id"": 0, ""dist_bin"": ""small"", ""ramp_s"": 16.0, ""chord"": ""maj->min""}",0.49316039335485923,0.6123198745544425,1,0f82853dee79764c
2026-07-05T22:11:08,R22,9dfd2c5e,3,seed_ramp_s,arc_127,arc_123,A,,-0.8882,1.0,"{""context_id"": 2, ""dist_bin"": ""large"", ""ramp_s"": 16.0, ""chord"": ""maj->maj""}","{""context_id"": 2, ""dist_bin"": ""large"", ""ramp_s"": 12.0, ""chord"": ""maj->maj""}",0.2482909623416417,0.23407996481669172,1,0f82853dee79764c
2026-07-05T22:12:03,R22,9dfd2c5e,4,seed_chord,arc_141,arc_140,B,,-0.8882,1.0,"{""context_id"": 2, ""dist_bin"": ""small"", ""ramp_s"": 12.0, ""chord"": ""maj->min""}","{""context_id"": 2, ""dist_bin"": ""small"", ""ramp_s"": 12.0, ""chord"": ""min->min""}",0.24818878902254604,0.25754926634592207,1,0f82853dee79764c
2026-07-05T22:13:11,R22,9dfd2c5e,5,seed_dist_bin,arc_118,arc_116,A,,-0.8882,1.0,"{""context_id"": 2, ""dist_bin"": ""medium"", ""ramp_s"": 12.0, ""chord"": ""min->maj""}","{""context_id"": 2, ""dist_bin"": ""small"", ""ramp_s"": 12.0, ""chord"": ""min->maj""}",0.2689145771004691,0.26013761356367504,1,0f82853dee79764c
2026-07-05T22:14:17,R22,9dfd2c5e,6,seed_ramp_s,arc_124,arc_120,A,,-0.8882,1.0,"{""context_id"": 2, ""dist_bin"": ""medium"", ""ramp_s"": 16.0, ""chord"": ""maj->min""}","{""context_id"": 2, ""dist_bin"": ""medium"", ""ramp_s"": 12.0, ""chord"": ""maj->min""}",0.16642039306384263,0.14825443598650742,1,0f82853dee79764c
2026-07-05T22:15:04,R22,9dfd2c5e,7,seed_ramp_s,arc_179,arc_183,B,,-0.9009,0.1011,"{""context_id"": 3, ""dist_bin"": ""large"", ""ramp_s"": 6.0, ""chord"": ""maj->min""}","{""context_id"": 3, ""dist_bin"": ""large"", ""ramp_s"": 12.0, ""chord"": ""maj->min""}",0.4275554044013987,0.38772559201094275,1,0f82853dee79764c
2026-07-05T22:15:58,R22,9dfd2c5e,8,seed_ramp_s,arc_151,arc_147,A,,-0.9009,0.1011,"{""context_id"": 3, ""dist_bin"": ""medium"", ""ramp_s"": 6.0, ""chord"": ""maj->min""}","{""context_id"": 3, ""dist_bin"": ""medium"", ""ramp_s"": 3.0, ""chord"": ""maj->min""}",0.19309948994591192,0.22231490006596102,1,0f82853dee79764c
2026-07-05T22:16:57,R22,9dfd2c5e,9,seed_ramp_s,arc_046,arc_042,B,,-0.6094,0.4325,"{""context_id"": 0, ""dist_bin"": ""large"", ""ramp_s"": 16.0, ""chord"": ""maj->min""}","{""context_id"": 0, ""dist_bin"": ""large"", ""ramp_s"": 12.0, ""chord"": ""maj->min""}",0.26573550181644134,0.27461288960815344,1,0f82853dee79764c
2026-07-05T22:17:57,R22,9dfd2c5e,10,catch_swap,arc_123,arc_127,B,pair_3,-0.8882,1.0,"{""context_id"": 2, ""dist_bin"": ""large"", ""ramp_s"": 12.0, ""chord"": ""maj->maj""}","{""context_id"": 2, ""dist_bin"": ""large"", ""ramp_s"": 16.0, ""chord"": ""maj->maj""}",0.23407996481669172,0.2482909623416417,1,0f82853dee79764c
2026-07-05T22:18:48,R22,9dfd2c5e,11,seed_dist_bin,arc_112,arc_114,A,,-0.8882,1.0,"{""context_id"": 2, ""dist_bin"": ""small"", ""ramp_s"": 6.0, ""chord"": ""min->maj""}","{""context_id"": 2, ""dist_bin"": ""medium"", ""ramp_s"": 6.0, ""chord"": ""min->maj""}",0.23936925901326617,0.22622893178574832,1,0f82853dee79764c
2026-07-05T22:19:41,R22,9dfd2c5e,12,catch_identical,arc_197,arc_197,B,,-0.6094,0.4325,"{""context_id"": 0, ""dist_bin"": ""small"", ""ramp_s"": 8.5, ""chord"": ""min->min""}","{""context_id"": 0, ""dist_bin"": ""small"", ""ramp_s"": 8.5, ""chord"": ""min->min""}",0.15148138546862963,0.15148138546862963,1,0f82853dee79764c
2026-07-05T22:20:41,R22,9dfd2c5e,13,seed_chord,arc_085,arc_084,A,,-0.6371,-0.3126,"{""context_id"": 1, ""dist_bin"": ""small"", ""ramp_s"": 16.0, ""chord"": ""maj->maj""}","{""context_id"": 1, ""dist_bin"": ""small"", ""ramp_s"": 16.0, ""chord"": ""maj->min""}",0.19562323753585015,0.18480355897794826,1,0f82853dee79764c
2026-07-05T22:21:43,R22,9dfd2c5e,14,seed_ramp_s,arc_160,arc_164,B,,-0.9009,0.1011,"{""context_id"": 3, ""dist_bin"": ""small"", ""ramp_s"": 12.0, ""chord"": ""maj->min""}","{""context_id"": 3, ""dist_bin"": ""small"", ""ramp_s"": 16.0, ""chord"": ""maj->min""}",0.2609227928815599,0.28014649219274984,1,0f82853dee79764c
2026-07-05T22:22:17,R22,9dfd2c5e,15,seed_chord,arc_144,arc_145,A,,-0.9009,0.1011,"{""context_id"": 3, ""dist_bin"": ""small"", ""ramp_s"": 3.0, ""chord"": ""min->maj""}","{""context_id"": 3, ""dist_bin"": ""small"", ""ramp_s"": 3.0, ""chord"": ""maj->min""}",0.28901356270328205,0.290206729515296,1,0f82853dee79764c
2026-07-05T22:23:27,R22,9dfd2c5e,16,seed_dist_bin,arc_014,arc_012,B,,-0.6094,0.4325,"{""context_id"": 0, ""dist_bin"": ""large"", ""ramp_s"": 12.0, ""chord"": ""min->min""}","{""context_id"": 0, ""dist_bin"": ""medium"", ""ramp_s"": 12.0, ""chord"": ""min->min""}",0.173046158172983,0.22200177131110313,1,0f82853dee79764c
2026-07-06T16:23:53,R23,3b52543b,0,seed_chord,arc_153,arc_152,B,,-0.9009,0.1011,"{""context_id"": 3, ""dist_bin"": ""medium"", ""ramp_s"": 6.0, ""chord"": ""maj->maj""}","{""context_id"": 3, ""dist_bin"": ""medium"", ""ramp_s"": 6.0, ""chord"": ""min->maj""}",0.20803536241859613,0.21127771210857477,1,0f82853dee79764c
2026-07-06T16:24:48,R23,3b52543b,1,seed_ramp_s,arc_161,arc_165,A,,-0.9009,0.1011,"{""context_id"": 3, ""dist_bin"": ""small"", ""ramp_s"": 12.0, ""chord"": ""maj->maj""}","{""context_id"": 3, ""dist_bin"": ""small"", ""ramp_s"": 16.0, ""chord"": ""maj->maj""}",0.2566711564732958,0.2756413866979895,1,0f82853dee79764c
2026-07-06T16:25:20,R23,3b52543b,2,seed_ramp_s,arc_157,arc_153,B,,-0.9009,0.1011,"{""context_id"": 3, ""dist_bin"": ""medium"", ""ramp_s"": 12.0, ""chord"": ""maj->maj""}","{""context_id"": 3, ""dist_bin"": ""medium"", ""ramp_s"": 6.0, ""chord"": ""maj->maj""}",0.2125112763993756,0.20803536241859613,1,0f82853dee79764c
2026-07-06T16:26:33,R23,3b52543b,3,seed_dist_bin,arc_185,arc_187,B,,-0.9009,0.1011,"{""context_id"": 3, ""dist_bin"": ""small"", ""ramp_s"": 12.0, ""chord"": ""maj->maj""}","{""context_id"": 3, ""dist_bin"": ""large"", ""ramp_s"": 12.0, ""chord"": ""maj->maj""}",0.8572008418535625,0.20476789922087407,1,0f82853dee79764c
2026-07-06T16:27:05,R23,3b52543b,4,seed_dist_bin,arc_001,arc_003,A,,-0.6094,0.4325,"{""context_id"": 0, ""dist_bin"": ""small"", ""ramp_s"": 3.0, ""chord"": ""min->maj""}","{""context_id"": 0, ""dist_bin"": ""medium"", ""ramp_s"": 3.0, ""chord"": ""min->maj""}",0.24034562666658782,0.2403089385072114,1,0f82853dee79764c
2026-07-06T16:29:06,R23,3b52543b,5,seed_chord,arc_183,arc_182,A,,-0.9009,0.1011,"{""context_id"": 3, ""dist_bin"": ""large"", ""ramp_s"": 12.0, ""chord"": ""maj->min""}","{""context_id"": 3, ""dist_bin"": ""large"", ""ramp_s"": 12.0, ""chord"": ""min->min""}",0.38772559201094275,0.40466808062992865,1,0f82853dee79764c
2026-07-06T16:30:55,R23,3b52543b,6,seed_ramp_s,arc_044,arc_040,B,,-0.6094,0.4325,"{""context_id"": 0, ""dist_bin"": ""small"", ""ramp_s"": 16.0, ""chord"": ""maj->min""}","{""context_id"": 0, ""dist_bin"": ""small"", ""ramp_s"": 12.0, ""chord"": ""maj->min""}",0.6123198745544425,0.49316039335485923,1,0f82853dee79764c
2026-07-06T16:31:27,R23,3b52543b,7,seed_dist_bin,arc_145,arc_147,B,,-0.9009,0.1011,"{""context_id"": 3, ""dist_bin"": ""small"", ""ramp_s"": 3.0, ""chord"": ""maj->min""}","{""context_id"": 3, ""dist_bin"": ""medium"", ""ramp_s"": 3.0, ""chord"": ""maj->min""}",0.290206729515296,0.22231490006596102,1,0f82853dee79764c
2026-07-06T16:31:32,R23,3b52543b,8,seed_chord,arc_071,arc_070,A,,-0.6371,-0.3126,"{""context_id"": 1, ""dist_bin"": ""large"", ""ramp_s"": 6.0, ""chord"": ""maj->min""}","{""context_id"": 1, ""dist_bin"": ""large"", ""ramp_s"": 6.0, ""chord"": ""min->maj""}",0.31906040698688054,0.29660782002326147,1,0f82853dee79764c
2026-07-06T16:32:06,R23,3b52543b,9,seed_ramp_s,arc_007,arc_003,same,,-0.6094,0.4325,"{""context_id"": 0, ""dist_bin"": ""medium"", ""ramp_s"": 6.0, ""chord"": ""min->maj""}","{""context_id"": 0, ""dist_bin"": ""medium"", ""ramp_s"": 3.0, ""chord"": ""min->maj""}",0.268313113235549,0.2403089385072114,1,0f82853dee79764c
2026-07-06T16:32:59,R23,3b52543b,10,catch_swap,arc_153,arc_157,B,pair_2,-0.9009,0.1011,"{""context_id"": 3, ""dist_bin"": ""medium"", ""ramp_s"": 6.0, ""chord"": ""maj->maj""}","{""context_id"": 3, ""dist_bin"": ""medium"", ""ramp_s"": 12.0, ""chord"": ""maj->maj""}",0.20803536241859613,0.2125112763993756,1,0f82853dee79764c
2026-07-06T16:34:28,R23,3b52543b,11,seed_dist_bin,arc_165,arc_167,B,,-0.9009,0.1011,"{""context_id"": 3, ""dist_bin"": ""small"", ""ramp_s"": 16.0, ""chord"": ""maj->maj""}","{""context_id"": 3, ""dist_bin"": ""large"", ""ramp_s"": 16.0, ""chord"": ""maj->maj""}",0.2756413866979895,0.19363813824696866,1,0f82853dee79764c
2026-07-06T16:35:34,R23,3b52543b,12,catch_identical,arc_066,arc_066,same,,-0.6371,-0.3126,"{""context_id"": 1, ""dist_bin"": ""large"", ""ramp_s"": 3.0, ""chord"": ""min->maj""}","{""context_id"": 1, ""dist_bin"": ""large"", ""ramp_s"": 3.0, ""chord"": ""min->maj""}",0.28031776045938844,0.28031776045938844,1,0f82853dee79764c
2026-07-06T16:36:58,R23,3b52543b,13,seed_ramp_s,arc_186,arc_190,same,,-0.9009,0.1011,"{""context_id"": 3, ""dist_bin"": ""large"", ""ramp_s"": 12.0, ""chord"": ""min->min""}","{""context_id"": 3, ""dist_bin"": ""large"", ""ramp_s"": 16.0, ""chord"": ""min->min""}",0.1972173297184584,0.20217591407949043,1,0f82853dee79764c
2026-07-06T16:37:59,R23,3b52543b,14,seed_chord,arc_062,arc_063,same,,-0.6371,-0.3126,"{""context_id"": 1, ""dist_bin"": ""medium"", ""ramp_s"": 16.0, ""chord"": ""min->min""}","{""context_id"": 1, ""dist_bin"": ""medium"", ""ramp_s"": 16.0, ""chord"": ""maj->maj""}",1.0590248887424523,0.9538342327813037,1,0f82853dee79764c
2026-07-06T16:39:45,R23,3b52543b,15,seed_chord,arc_162,arc_163,B,,-0.9009,0.1011,"{""context_id"": 3, ""dist_bin"": ""large"", ""ramp_s"": 12.0, ""chord"": ""maj->min""}","{""context_id"": 3, ""dist_bin"": ""large"", ""ramp_s"": 12.0, ""chord"": ""maj->maj""}",0.17809568368419065,0.17510816305753557,1,0f82853dee79764c
2026-07-06T16:56:38,R14,5f0a1881,0,seed_ramp_s,arc_023,arc_019,A,,-0.6094,0.4325,"{""context_id"": 0, ""dist_bin"": ""large"", ""ramp_s"": 16.0, ""chord"": ""maj->maj""}","{""context_id"": 0, ""dist_bin"": ""large"", ""ramp_s"": 12.0, ""chord"": ""maj->maj""}",0.17027834530298222,0.18193924399505262,1,0f82853dee79764c
2026-07-06T16:57:24,R14,5f0a1881,1,seed_ramp_s,arc_142,arc_138,B,,-0.8882,1.0,"{""context_id"": 2, ""dist_bin"": ""medium"", ""ramp_s"": 12.0, ""chord"": ""min->min""}","{""context_id"": 2, ""dist_bin"": ""medium"", ""ramp_s"": 6.0, ""chord"": ""min->min""}",0.314185474775894,0.27492270778246525,1,0f82853dee79764c
2026-07-06T16:57:57,R14,5f0a1881,2,seed_chord,arc_024,arc_025,B,,-0.6094,0.4325,"{""context_id"": 0, ""dist_bin"": ""small"", ""ramp_s"": 3.0, ""chord"": ""min->maj""}","{""context_id"": 0, ""dist_bin"": ""small"", ""ramp_s"": 3.0, ""chord"": ""maj->min""}",0.3083373841773683,0.2878288803175312,1,0f82853dee79764c
2026-07-06T16:58:54,R14,5f0a1881,3,seed_probe,arc_197,arc_196,A,,-0.6094,0.4325,"{""context_id"": 0, ""dist_bin"": ""small"", ""ramp_s"": 8.5, ""chord"": ""min->min""}","{""context_id"": 0, ""dist_bin"": ""small"", ""ramp_s"": 8.5, ""chord"": ""min->min"", ""xfade_mode"": ""glide""}",0.15148138546862963,0.14444073266461385,1,0f82853dee79764c
2026-07-06T16:59:53,R14,5f0a1881,4,seed_ramp_s,arc_123,arc_127,A,,-0.8882,1.0,"{""context_id"": 2, ""dist_bin"": ""large"", ""ramp_s"": 12.0, ""chord"": ""maj->maj""}","{""context_id"": 2, ""dist_bin"": ""large"", ""ramp_s"": 16.0, ""chord"": ""maj->maj""}",0.23407996481669172,0.2482909623416417,1,0f82853dee79764c
2026-07-06T17:00:35,R14,5f0a1881,5,seed_chord,arc_177,arc_176,A,,-0.9009,0.1011,"{""context_id"": 3, ""dist_bin"": ""medium"", ""ramp_s"": 6.0, ""chord"": ""maj->min""}","{""context_id"": 3, ""dist_bin"": ""medium"", ""ramp_s"": 6.0, ""chord"": ""min->min""}",0.4984841409166123,0.4873511905275065,1,0f82853dee79764c
2026-07-06T17:01:31,R14,5f0a1881,6,seed_ramp_s,arc_080,arc_084,A,,-0.6371,-0.3126,"{""context_id"": 1, ""dist_bin"": ""small"", ""ramp_s"": 12.0, ""chord"": ""maj->min""}","{""context_id"": 1, ""dist_bin"": ""small"", ""ramp_s"": 16.0, ""chord"": ""maj->min""}",0.19663374817423668,0.18480355897794826,1,0f82853dee79764c
2026-07-06T17:02:10,R14,5f0a1881,7,seed_ramp_s,arc_175,arc_171,B,,-0.9009,0.1011,"{""context_id"": 3, ""dist_bin"": ""medium"", ""ramp_s"": 6.0, ""chord"": ""min->maj""}","{""context_id"": 3, ""dist_bin"": ""medium"", ""ramp_s"": 3.0, ""chord"": ""min->maj""}",0.12606271250642676,0.13796527109839266,1,0f82853dee79764c
2026-07-06T17:02:50,R14,5f0a1881,8,seed_dist_bin,arc_074,arc_072,A,,-0.6371,-0.3126,"{""context_id"": 1, ""dist_bin"": ""large"", ""ramp_s"": 6.0, ""chord"": ""min->maj""}","{""context_id"": 1, ""dist_bin"": ""small"", ""ramp_s"": 6.0, ""chord"": ""min->maj""}",0.523747106501558,1.022727283492823,1,0f82853dee79764c
2026-07-06T17:03:42,R14,5f0a1881,9,seed_dist_bin,arc_119,arc_117,B,,-0.8882,1.0,"{""context_id"": 2, ""dist_bin"": ""medium"", ""ramp_s"": 12.0, ""chord"": ""maj->maj""}","{""context_id"": 2, ""dist_bin"": ""small"", ""ramp_s"": 12.0, ""chord"": ""maj->maj""}",0.2363788178631609,0.24454151284859618,1,0f82853dee79764c
2026-07-06T17:04:16,R14,5f0a1881,10,catch_swap,arc_025,arc_024,B,pair_2,-0.6094,0.4325,"{""context_id"": 0, ""dist_bin"": ""small"", ""ramp_s"": 3.0, ""chord"": ""maj->min""}","{""context_id"": 0, ""dist_bin"": ""small"", ""ramp_s"": 3.0, ""chord"": ""min->maj""}",0.2878288803175312,0.3083373841773683,1,0f82853dee79764c
2026-07-06T17:05:09,R14,5f0a1881,11,seed_chord,arc_053,arc_052,A,,-0.6371,-0.3126,"{""context_id"": 1, ""dist_bin"": ""small"", ""ramp_s"": 12.0, ""chord"": ""maj->min""}","{""context_id"": 1, ""dist_bin"": ""small"", ""ramp_s"": 12.0, ""chord"": ""min->min""}",0.3603560842700108,0.3457313536264251,1,0f82853dee79764c
2026-07-06T17:05:49,R14,5f0a1881,12,catch_identical,arc_174,arc_174,B,,-0.9009,0.1011,"{""context_id"": 3, ""dist_bin"": ""medium"", ""ramp_s"": 6.0, ""chord"": ""min->min""}","{""context_id"": 3, ""dist_bin"": ""medium"", ""ramp_s"": 6.0, ""chord"": ""min->min""}",0.12575548782813442,0.12575548782813442,1,0f82853dee79764c
2026-07-06T17:06:36,R14,5f0a1881,13,seed_ramp_s,arc_112,arc_116,A,,-0.8882,1.0,"{""context_id"": 2, ""dist_bin"": ""small"", ""ramp_s"": 6.0, ""chord"": ""min->maj""}","{""context_id"": 2, ""dist_bin"": ""small"", ""ramp_s"": 12.0, ""chord"": ""min->maj""}",0.23936925901326617,0.26013761356367504,1,0f82853dee79764c
2026-07-06T17:07:15,R14,5f0a1881,14,seed_ramp_s,arc_006,arc_002,A,,-0.6094,0.4325,"{""context_id"": 0, ""dist_bin"": ""medium"", ""ramp_s"": 6.0, ""chord"": ""min->min""}","{""context_id"": 0, ""dist_bin"": ""medium"", ""ramp_s"": 3.0, ""chord"": ""min->min""}",0.2716237762511891,0.24145870660244806,1,0f82853dee79764c
2026-07-06T17:07:56,R14,5f0a1881,15,seed_dist_bin,arc_110,arc_108,A,,-0.8882,1.0,"{""context_id"": 2, ""dist_bin"": ""large"", ""ramp_s"": 6.0, ""chord"": ""min->maj""}","{""context_id"": 2, ""dist_bin"": ""small"", ""ramp_s"": 6.0, ""chord"": ""min->maj""}",0.2745173269439925,0.18563843970117025,1,0f82853dee79764c
2026-07-06T17:08:54,R14,5f0a1881,16,seed_ramp_s,arc_102,arc_098,A,,-0.8882,1.0,"{""context_id"": 2, ""dist_bin"": ""large"", ""ramp_s"": 16.0, ""chord"": ""min->min""}","{""context_id"": 2, ""dist_bin"": ""large"", ""ramp_s"": 12.0, ""chord"": ""min->min""}",0.22344040791362435,0.2113052032934037,1,0f82853dee79764c
2026-07-06T17:09:35,R14,5f0a1881,17,seed_dist_bin,arc_073,arc_075,A,,-0.6371,-0.3126,"{""context_id"": 1, ""dist_bin"": ""small"", ""ramp_s"": 6.0, ""chord"": ""maj->maj""}","{""context_id"": 1, ""dist_bin"": ""large"", ""ramp_s"": 6.0, ""chord"": ""maj->maj""}",1.022727283492823,0.5221786853317638,1,0f82853dee79764c
2026-07-06T17:10:35,R14,5f0a1881,18,seed_dist_bin,arc_159,arc_157,B,,-0.9009,0.1011,"{""context_id"": 3, ""dist_bin"": ""large"", ""ramp_s"": 12.0, ""chord"": ""maj->maj""}","{""context_id"": 3, ""dist_bin"": ""medium"", ""ramp_s"": 12.0, ""chord"": ""maj->maj""}",0.2178185537064765,0.2125112763993756,1,0f82853dee79764c
2026-07-06T17:11:40,R14,5f0a1881,19,seed_ramp_s,arc_100,arc_096,B,,-0.8882,1.0,"{""context_id"": 2, ""dist_bin"": ""medium"", ""ramp_s"": 16.0, ""chord"": ""min->min""}","{""context_id"": 2, ""dist_bin"": ""medium"", ""ramp_s"": 12.0, ""chord"": ""min->min""}",0.1614660810581435,0.2134495016835389,1,0f82853dee79764c
2026-07-06T18:57:56,R12,d63a8b99,0,seed_dist_bin,arc_098,arc_096,A,,-0.8882,1.0,"{""context_id"": 2, ""dist_bin"": ""large"", ""ramp_s"": 12.0, ""chord"": ""min->min""}","{""context_id"": 2, ""dist_bin"": ""medium"", ""ramp_s"": 12.0, ""chord"": ""min->min""}",0.2113052032934037,0.2134495016835389,1,0f82853dee79764c
2026-07-06T18:59:12,R12,d63a8b99,1,seed_dist_bin,arc_177,arc_179,A,,-0.9009,0.1011,"{""context_id"": 3, ""dist_bin"": ""medium"", ""ramp_s"": 6.0, ""chord"": ""maj->min""}","{""context_id"": 3, ""dist_bin"": ""large"", ""ramp_s"": 6.0, ""chord"": ""maj->min""}",0.4984841409166123,0.4275554044013987,1,0f82853dee79764c
2026-07-06T19:01:25,R12,d63a8b99,2,seed_chord,arc_189,arc_188,B,,-0.9009,0.1011,"{""context_id"": 3, ""dist_bin"": ""small"", ""ramp_s"": 16.0, ""chord"": ""maj->maj""}","{""context_id"": 3, ""dist_bin"": ""small"", ""ramp_s"": 16.0, ""chord"": ""min->min""}",1.0227272834928232,1.0071660621010907,1,0f82853dee79764c
2026-07-06T19:02:40,R12,d63a8b99,3,seed_dist_bin,arc_027,arc_025,B,,-0.6094,0.4325,"{""context_id"": 0, ""dist_bin"": ""medium"", ""ramp_s"": 3.0, ""chord"": ""maj->min""}","{""context_id"": 0, ""dist_bin"": ""small"", ""ramp_s"": 3.0, ""chord"": ""maj->min""}",0.3395970922398294,0.2878288803175312,1,0f82853dee79764c
2026-07-06T19:03:57,R12,d63a8b99,4,seed_ramp_s,arc_165,arc_161,A,,-0.9009,0.1011,"{""context_id"": 3, ""dist_bin"": ""small"", ""ramp_s"": 16.0, ""chord"": ""maj->maj""}","{""context_id"": 3, ""dist_bin"": ""small"", ""ramp_s"": 12.0, ""chord"": ""maj->maj""}",0.2756413866979895,0.2566711564732958,1,0f82853dee79764c
2026-07-06T19:04:31,R12,d63a8b99,5,seed_ramp_s,arc_027,arc_031,A,,-0.6094,0.4325,"{""context_id"": 0, ""dist_bin"": ""medium"", ""ramp_s"": 3.0, ""chord"": ""maj->min""}","{""context_id"": 0, ""dist_bin"": ""medium"", ""ramp_s"": 6.0, ""chord"": ""maj->min""}",0.3395970922398294,0.39480267387455564,1,0f82853dee79764c
2026-07-06T19:05:01,R12,d63a8b99,6,seed_chord,arc_168,arc_169,same,,-0.9009,0.1011,"{""context_id"": 3, ""dist_bin"": ""small"", ""ramp_s"": 3.0, ""chord"": ""min->min""}","{""context_id"": 3, ""dist_bin"": ""small"", ""ramp_s"": 3.0, ""chord"": ""min->maj""}",0.10917605850645955,0.1021539567429659,1,0f82853dee79764c
2026-07-06T19:05:32,R12,d63a8b99,7,seed_dist_bin,arc_146,arc_144,B,,-0.9009,0.1011,"{""context_id"": 3, ""dist_bin"": ""medium"", ""ramp_s"": 3.0, ""chord"": ""min->maj""}","{""context_id"": 3, ""dist_bin"": ""small"", ""ramp_s"": 3.0, ""chord"": ""min->maj""}",0.2015011242953657,0.28901356270328205,1,0f82853dee79764c
2026-07-06T19:08:46,R12,d63a8b99,8,seed_chord,arc_020,arc_021,B,,-0.6094,0.4325,"{""context_id"": 0, ""dist_bin"": ""small"", ""ramp_s"": 16.0, ""chord"": ""min->min""}","{""context_id"": 0, ""dist_bin"": ""small"", ""ramp_s"": 16.0, ""chord"": ""maj->maj""}",0.19618614342186516,0.200685574184697,1,0f82853dee79764c
2026-07-06T19:10:13,R12,d63a8b99,9,seed_dist_bin,arc_129,arc_131,A,,-0.8882,1.0,"{""context_id"": 2, ""dist_bin"": ""small"", ""ramp_s"": 3.0, ""chord"": ""min->maj""}","{""context_id"": 2, ""dist_bin"": ""large"", ""ramp_s"": 3.0, ""chord"": ""min->maj""}",0.4279972063267107,0.2510429874516575,1,0f82853dee79764c
2026-07-06T19:15:31,R24,3d7d7c3c,0,seed_ramp_s,arc_094,arc_090,A,,-0.6371,-0.3126,"{""context_id"": 1, ""dist_bin"": ""large"", ""ramp_s"": 6.0, ""chord"": ""min->min""}","{""context_id"": 1, ""dist_bin"": ""large"", ""ramp_s"": 3.0, ""chord"": ""min->min""}",0.2388207985680392,0.19066419528055759,1,0f82853dee79764c
2026-07-06T19:17:11,R24,3d7d7c3c,1,seed_dist_bin,arc_164,arc_166,A,,-0.9009,0.1011,"{""context_id"": 3, ""dist_bin"": ""small"", ""ramp_s"": 16.0, ""chord"": ""maj->min""}","{""context_id"": 3, ""dist_bin"": ""large"", ""ramp_s"": 16.0, ""chord"": ""maj->min""}",0.28014649219274984,0.19488641664776862,1,0f82853dee79764c
2026-07-06T19:17:51,R24,3d7d7c3c,2,seed_ramp_s,arc_155,arc_159,A,,-0.9009,0.1011,"{""context_id"": 3, ""dist_bin"": ""large"", ""ramp_s"": 6.0, ""chord"": ""maj->maj""}","{""context_id"": 3, ""dist_bin"": ""large"", ""ramp_s"": 12.0, ""chord"": ""maj->maj""}",0.22255781352130402,0.2178185537064765,1,0f82853dee79764c
2026-07-06T19:21:37,R12,ac847752,0,manual_seed_chord,arc_180,arc_181,same,,-0.9009,0.1011,"{""context_id"": 3, ""dist_bin"": ""medium"", ""ramp_s"": 12.0, ""chord"": ""min->min""}","{""context_id"": 3, ""dist_bin"": ""medium"", ""ramp_s"": 12.0, ""chord"": ""maj->min""}",0.5102986665344025,0.5172021537064265,1,0f82853dee79764c
2026-07-06T19:22:51,R12,ac847752,1,seed_dist_bin,arc_178,arc_176,B,,-0.9009,0.1011,"{""context_id"": 3, ""dist_bin"": ""large"", ""ramp_s"": 6.0, ""chord"": ""min->min""}","{""context_id"": 3, ""dist_bin"": ""medium"", ""ramp_s"": 6.0, ""chord"": ""min->min""}",0.42447752199680594,0.4873511905275065,1,0f82853dee79764c
2026-07-06T19:26:40,R12,ac847752,2,seed_dist_bin,arc_101,arc_103,B,,-0.8882,1.0,"{""context_id"": 2, ""dist_bin"": ""medium"", ""ramp_s"": 16.0, ""chord"": ""maj->maj""}","{""context_id"": 2, ""dist_bin"": ""large"", ""ramp_s"": 16.0, ""chord"": ""maj->maj""}",0.17392068142369616,0.2083851939207421,1,0f82853dee79764c
2026-07-07T08:22:15,R11,fc6db0b4,0,seed_ramp_s,arc_095,arc_091,A,,-0.6371,-0.3126,"{""context_id"": 1, ""dist_bin"": ""large"", ""ramp_s"": 6.0, ""chord"": ""min->maj""}","{""context_id"": 1, ""dist_bin"": ""large"", ""ramp_s"": 3.0, ""chord"": ""min->maj""}",0.23698888991355638,0.21597552207131251,1,0f82853dee79764c
2026-07-07T08:22:57,R11,fc6db0b4,1,seed_chord,arc_070,arc_071,A,,-0.6371,-0.3126,"{""context_id"": 1, ""dist_bin"": ""large"", ""ramp_s"": 6.0, ""chord"": ""min->maj""}","{""context_id"": 1, ""dist_bin"": ""large"", ""ramp_s"": 6.0, ""chord"": ""maj->min""}",0.29660782002326147,0.31906040698688054,1,0f82853dee79764c
2026-07-07T08:23:41,R11,fc6db0b4,2,seed_dist_bin,arc_100,arc_102,B,,-0.8882,1.0,"{""context_id"": 2, ""dist_bin"": ""medium"", ""ramp_s"": 16.0, ""chord"": ""min->min""}","{""context_id"": 2, ""dist_bin"": ""large"", ""ramp_s"": 16.0, ""chord"": ""min->min""}",0.1614660810581435,0.22344040791362435,1,0f82853dee79764c
2026-07-08T13:00:58,R14,5cb5c688,0,seed_ramp_s,arc_144,arc_148,A,,-0.9009,0.1011,"{""context_id"": 3, ""dist_bin"": ""small"", ""ramp_s"": 3.0, ""chord"": ""min->maj""}","{""context_id"": 3, ""dist_bin"": ""small"", ""ramp_s"": 6.0, ""chord"": ""min->maj""}",0.28901356270328205,0.305388037930745,1,0f82853dee79764c
2026-07-08T13:01:40,R14,5cb5c688,1,seed_chord,arc_031,arc_030,B,,-0.6094,0.4325,"{""context_id"": 0, ""dist_bin"": ""medium"", ""ramp_s"": 6.0, ""chord"": ""maj->min""}","{""context_id"": 0, ""dist_bin"": ""medium"", ""ramp_s"": 6.0, ""chord"": ""min->maj""}",0.39480267387455564,0.4232961979532302,1,0f82853dee79764c
2026-07-08T13:03:46,R14,5cb5c688,2,seed_dist_bin,arc_066,arc_064,B,,-0.6371,-0.3126,"{""context_id"": 1, ""dist_bin"": ""large"", ""ramp_s"": 3.0, ""chord"": ""min->maj""}","{""context_id"": 1, ""dist_bin"": ""medium"", ""ramp_s"": 3.0, ""chord"": ""min->maj""}",0.28031776045938844,0.4628333227765998,1,0f82853dee79764c
2026-07-08T13:04:47,R14,5cb5c688,3,seed_dist_bin,arc_188,arc_190,A,,-0.9009,0.1011,"{""context_id"": 3, ""dist_bin"": ""small"", ""ramp_s"": 16.0, ""chord"": ""min->min""}","{""context_id"": 3, ""dist_bin"": ""large"", ""ramp_s"": 16.0, ""chord"": ""min->min""}",1.0071660621010907,0.20217591407949043,1,0f82853dee79764c
2026-07-08T13:05:48,R14,5cb5c688,4,seed_dist_bin,arc_165,arc_167,A,,-0.9009,0.1011,"{""context_id"": 3, ""dist_bin"": ""small"", ""ramp_s"": 16.0, ""chord"": ""maj->maj""}","{""context_id"": 3, ""dist_bin"": ""large"", ""ramp_s"": 16.0, ""chord"": ""maj->maj""}",0.2756413866979895,0.19363813824696866,1,0f82853dee79764c
2026-07-08T13:06:41,R14,5cb5c688,5,seed_dist_bin,arc_180,arc_182,B,,-0.9009,0.1011,"{""context_id"": 3, ""dist_bin"": ""medium"", ""ramp_s"": 12.0, ""chord"": ""min->min""}","{""context_id"": 3, ""dist_bin"": ""large"", ""ramp_s"": 12.0, ""chord"": ""min->min""}",0.5102986665344025,0.40466808062992865,1,0f82853dee79764c
2026-07-08T13:07:36,R14,5cb5c688,6,seed_ramp_s,arc_160,arc_164,B,,-0.9009,0.1011,"{""context_id"": 3, ""dist_bin"": ""small"", ""ramp_s"": 12.0, ""chord"": ""maj->min""}","{""context_id"": 3, ""dist_bin"": ""small"", ""ramp_s"": 16.0, ""chord"": ""maj->min""}",0.2609227928815599,0.28014649219274984,1,0f82853dee79764c
2026-07-08T13:10:02,R14,5cb5c688,7,seed_ramp_s,arc_157,arc_153,B,,-0.9009,0.1011,"{""context_id"": 3, ""dist_bin"": ""medium"", ""ramp_s"": 12.0, ""chord"": ""maj->maj""}","{""context_id"": 3, ""dist_bin"": ""medium"", ""ramp_s"": 6.0, ""chord"": ""maj->maj""}",0.2125112763993756,0.20803536241859613,1,0f82853dee79764c
2026-07-08T13:10:49,R14,5cb5c688,8,seed_ramp_s,arc_143,arc_139,A,,-0.8882,1.0,"{""context_id"": 2, ""dist_bin"": ""medium"", ""ramp_s"": 12.0, ""chord"": ""maj->min""}","{""context_id"": 2, ""dist_bin"": ""medium"", ""ramp_s"": 6.0, ""chord"": ""maj->min""}",0.30261085965645873,0.2834976375145787,1,0f82853dee79764c
2026-07-08T13:11:24,R14,5cb5c688,9,seed_chord,arc_065,arc_064,A,,-0.6371,-0.3126,"{""context_id"": 1, ""dist_bin"": ""medium"", ""ramp_s"": 3.0, ""chord"": ""maj->min""}","{""context_id"": 1, ""dist_bin"": ""medium"", ""ramp_s"": 3.0, ""chord"": ""min->maj""}",0.4407755851247846,0.4628333227765998,1,0f82853dee79764c
2026-07-08T13:12:01,R14,5cb5c688,10,catch_swap,arc_148,arc_144,A,pair_0,-0.9009,0.1011,"{""context_id"": 3, ""dist_bin"": ""small"", ""ramp_s"": 6.0, ""chord"": ""min->maj""}","{""context_id"": 3, ""dist_bin"": ""small"", ""ramp_s"": 3.0, ""chord"": ""min->maj""}",0.305388037930745,0.28901356270328205,1,0f82853dee79764c
2026-07-08T13:12:43,R14,5cb5c688,11,seed_chord,arc_110,arc_111,B,,-0.8882,1.0,"{""context_id"": 2, ""dist_bin"": ""large"", ""ramp_s"": 6.0, ""chord"": ""min->maj""}","{""context_id"": 2, ""dist_bin"": ""large"", ""ramp_s"": 6.0, ""chord"": ""maj->min""}",0.2745173269439925,0.2953606382422363,1,0f82853dee79764c
2026-07-08T13:13:17,R14,5cb5c688,12,catch_identical,arc_091,arc_091,A,,-0.6371,-0.3126,"{""context_id"": 1, ""dist_bin"": ""large"", ""ramp_s"": 3.0, ""chord"": ""min->maj""}","{""context_id"": 1, ""dist_bin"": ""large"", ""ramp_s"": 3.0, ""chord"": ""min->maj""}",0.21597552207131251,0.21597552207131251,1,0f82853dee79764c
2026-07-08T13:14:20,R14,5cb5c688,13,seed_dist_bin,arc_086,arc_084,A,,-0.6371,-0.3126,"{""context_id"": 1, ""dist_bin"": ""medium"", ""ramp_s"": 16.0, ""chord"": ""maj->min""}","{""context_id"": 1, ""dist_bin"": ""small"", ""ramp_s"": 16.0, ""chord"": ""maj->min""}",0.2601902801111227,0.18480355897794826,1,0f82853dee79764c
2026-07-08T13:15:14,R14,5cb5c688,14,seed_dist_bin,arc_018,arc_016,B,,-0.6094,0.4325,"{""context_id"": 0, ""dist_bin"": ""large"", ""ramp_s"": 12.0, ""chord"": ""min->min""}","{""context_id"": 0, ""dist_bin"": ""small"", ""ramp_s"": 12.0, ""chord"": ""min->min""}",0.1847478430374405,0.16697229388163812,1,0f82853dee79764c
2026-07-08T13:17:31,R14,5cb5c688,manual,manual_seed_chord,arc_114,arc_115,B,,-0.8882,1.0,"{""context_id"": 2, ""dist_bin"": ""medium"", ""ramp_s"": 6.0, ""chord"": ""min->maj""}","{""context_id"": 2, ""dist_bin"": ""medium"", ""ramp_s"": 6.0, ""chord"": ""maj->maj""}",0.22622893178574832,0.19671375223082183,1,0f82853dee79764c
2026-07-08T19:09:30,R25,8b8a6f81,0,seed_chord,arc_109,arc_108,B,,-0.8882,1.0,"{""context_id"": 2, ""dist_bin"": ""small"", ""ramp_s"": 6.0, ""chord"": ""maj->min""}","{""context_id"": 2, ""dist_bin"": ""small"", ""ramp_s"": 6.0, ""chord"": ""min->maj""}",0.1833589975053036,0.18563843970117025,1,0f82853dee79764c
2026-07-08T19:10:07,R25,8b8a6f81,1,seed_dist_bin,arc_028,arc_030,B,,-0.6094,0.4325,"{""context_id"": 0, ""dist_bin"": ""small"", ""ramp_s"": 6.0, ""chord"": ""min->maj""}","{""context_id"": 0, ""dist_bin"": ""medium"", ""ramp_s"": 6.0, ""chord"": ""min->maj""}",0.34327551361758274,0.4232961979532302,1,0f82853dee79764c
2026-07-08T19:10:48,R25,8b8a6f81,2,seed_ramp_s,arc_151,arc_147,same,,-0.9009,0.1011,"{""context_id"": 3, ""dist_bin"": ""medium"", ""ramp_s"": 6.0, ""chord"": ""maj->min""}","{""context_id"": 3, ""dist_bin"": ""medium"", ""ramp_s"": 3.0, ""chord"": ""maj->min""}",0.19309948994591192,0.22231490006596102,1,0f82853dee79764c
2026-07-08T19:11:43,R25,8b8a6f81,3,seed_dist_bin,arc_184,arc_186,B,,-0.9009,0.1011,"{""context_id"": 3, ""dist_bin"": ""small"", ""ramp_s"": 12.0, ""chord"": ""min->min""}","{""context_id"": 3, ""dist_bin"": ""large"", ""ramp_s"": 12.0, ""chord"": ""min->min""}",0.9109298114992127,0.1972173297184584,1,0f82853dee79764c
2026-07-08T19:12:48,R25,8b8a6f81,4,seed_dist_bin,arc_042,arc_040,same,,-0.6094,0.4325,"{""context_id"": 0, ""dist_bin"": ""large"", ""ramp_s"": 12.0, ""chord"": ""maj->min""}","{""context_id"": 0, ""dist_bin"": ""small"", ""ramp_s"": 12.0, ""chord"": ""maj->min""}",0.27461288960815344,0.49316039335485923,1,0f82853dee79764c
2026-07-08T19:13:23,R25,8b8a6f81,5,seed_dist_bin,arc_000,arc_002,B,,-0.6094,0.4325,"{""context_id"": 0, ""dist_bin"": ""small"", ""ramp_s"": 3.0, ""chord"": ""min->min""}","{""context_id"": 0, ""dist_bin"": ""medium"", ""ramp_s"": 3.0, ""chord"": ""min->min""}",0.25164631298496565,0.24145870660244806,1,0f82853dee79764c
2026-07-08T19:13:56,R25,8b8a6f81,6,seed_dist_bin,arc_088,arc_090,B,,-0.6371,-0.3126,"{""context_id"": 1, ""dist_bin"": ""medium"", ""ramp_s"": 3.0, ""chord"": ""min->min""}","{""context_id"": 1, ""dist_bin"": ""large"", ""ramp_s"": 3.0, ""chord"": ""min->min""}",0.2934544961595396,0.19066419528055759,1,0f82853dee79764c
2026-07-08T19:15:16,R25,8b8a6f81,7,seed_chord,arc_023,arc_022,B,,-0.6094,0.4325,"{""context_id"": 0, ""dist_bin"": ""large"", ""ramp_s"": 16.0, ""chord"": ""maj->maj""}","{""context_id"": 0, ""dist_bin"": ""large"", ""ramp_s"": 16.0, ""chord"": ""min->min""}",0.17027834530298222,0.18714588781140565,1,0f82853dee79764c
